run_id,strategy,migration_time_ms,client_downtime_ms,latency_before_downtime_ms,packet_loss_during_migration_pct,total_packets_successful,total_packets,initial_state_size_bytes,final_state_size_bytes,config_json
state_size,precopy,1485.2893352508545,1196.504831314087,288.7845039367676,12,598,603,60928000,5632000,"{""general"":{""run_id"":""state_size"",""results_dir"":""results""},""clients"":{""count"":5,""rate_hz"":20.0,""payload_bytes"":512000,""timeout_ms"":800},""network"":{""latency_ms"":0,""jitter_ms"":0,""loss_pct"":0.0},""migration"":{""strategy"":""precopy"",""delay_s"":5.0,""postcopy_sync_s"":5.0,""dest_preboot"":true},""servers"":{""service_alias"":""service"",""port"":5000,""image_server"":""migration_test/server:latest"",""image_client"":""migration_test/client:latest"",""network_name"":""bench_net""}}"
state_size,precopy,1695.8496570587158,1174.253225326538,521.5964317321777,13,593,598,120832000,10240000,"{""general"":{""run_id"":""state_size"",""results_dir"":""results""},""clients"":{""count"":5,""rate_hz"":20.0,""payload_bytes"":1024000,""timeout_ms"":800},""network"":{""latency_ms"":0,""jitter_ms"":0,""loss_pct"":0.0},""migration"":{""strategy"":""precopy"",""delay_s"":5.0,""postcopy_sync_s"":5.0,""dest_preboot"":true},""servers"":{""service_alias"":""service"",""port"":5000,""image_server"":""migration_test/server:latest"",""image_client"":""migration_test/client:latest"",""network_name"":""bench_net""}}"
state_size,precopy,2315.239906311035,1176.5563488006592,1138.683557510376,21,609,614,241664000,30720000,"{""general"":{""run_id"":""state_size"",""results_dir"":""results""},""clients"":{""count"":5,""rate_hz"":20.0,""payload_bytes"":2048000,""timeout_ms"":800},""network"":{""latency_ms"":0,""jitter_ms"":0,""loss_pct"":0.0},""migration"":{""strategy"":""precopy"",""delay_s"":5.0,""postcopy_sync_s"":5.0,""dest_preboot"":true},""servers"":{""service_alias"":""service"",""port"":5000,""image_server"":""migration_test/server:latest"",""image_client"":""migration_test/client:latest"",""network_name"":""bench_net""}}"
state_size,precopy,3903.2211303710938,1587.0907306671143,2316.1303997039795,13,667,675,491520000,106496000,"{""general"":{""run_id"":""state_size"",""results_dir"":""results""},""clients"":{""count"":5,""rate_hz"":20.0,""payload_bytes"":4096000,""timeout_ms"":800},""network"":{""latency_ms"":0,""jitter_ms"":0,""loss_pct"":0.0},""migration"":{""strategy"":""precopy"",""delay_s"":5.0,""postcopy_sync_s"":5.0,""dest_preboot"":true},""servers"":{""service_alias"":""service"",""port"":5000,""image_server"":""migration_test/server:latest"",""image_client"":""migration_test/client:latest"",""network_name"":""bench_net""}}"
state_size,precopy,6147.886276245117,2106.42409324646,4041.462182998657,15,719,733,958464000,319488000,"{""general"":{""run_id"":""state_size"",""results_dir"":""results""},""clients"":{""count"":5,""rate_hz"":20.0,""payload_bytes"":8192000,""timeout_ms"":800},""network"":{""latency_ms"":0,""jitter_ms"":0,""loss_pct"":0.0},""migration"":{""strategy"":""precopy"",""delay_s"":5.0,""postcopy_sync_s"":5.0,""dest_preboot"":true},""servers"":{""service_alias"":""service"",""port"":5000,""image_server"":""migration_test/server:latest"",""image_client"":""migration_test/client:latest"",""network_name"":""bench_net""}}"
state_size,postcopy,1347.5756645202637,1345.3562259674072,2.2194385528564453,24,555,560,0,62464000,"{""general"":{""run_id"":""state_size"",""results_dir"":""results""},""clients"":{""count"":5,""rate_hz"":20.0,""payload_bytes"":512000,""timeout_ms"":800},""network"":{""latency_ms"":0,""jitter_ms"":0,""loss_pct"":0.0},""migration"":{""strategy"":""postcopy"",""delay_s"":5.0,""postcopy_sync_s"":5.0,""dest_preboot"":true},""servers"":{""service_alias"":""service"",""port"":5000,""image_server"":""migration_test/server:latest"",""image_client"":""migration_test/client:latest"",""network_name"":""bench_net""}}"
state_size,postcopy,1645.71213722229,1642.6923274993896,3.0198097229003906,15,564,569,0,125952000,"{""general"":{""run_id"":""state_size"",""results_dir"":""results""},""clients"":{""count"":5,""rate_hz"":20.0,""payload_bytes"":1024000,""timeout_ms"":800},""network"":{""latency_ms"":0,""jitter_ms"":0,""loss_pct"":0.0},""migration"":{""strategy"":""postcopy"",""delay_s"":5.0,""postcopy_sync_s"":5.0,""dest_preboot"":true},""servers"":{""service_alias"":""service"",""port"":5000,""image_server"":""migration_test/server:latest"",""image_client"":""migration_test/client:latest"",""network_name"":""bench_net""}}"
state_size,postcopy,2288.2840633392334,2294.102191925049,0.0,20,555,560,0,249856000,"{""general"":{""run_id"":""state_size"",""results_dir"":""results""},""clients"":{""count"":5,""rate_hz"":20.0,""payload_bytes"":2048000,""timeout_ms"":800},""network"":{""latency_ms"":0,""jitter_ms"":0,""loss_pct"":0.0},""migration"":{""strategy"":""postcopy"",""delay_s"":5.0,""postcopy_sync_s"":5.0,""dest_preboot"":true},""servers"":{""service_alias"":""service"",""port"":5000,""image_server"":""migration_test/server:latest"",""image_client"":""migration_test/client:latest"",""network_name"":""bench_net""}}"
state_size,postcopy,3472.0330238342285,3468.8830375671387,3.1499862670898438,18,560,565,0,503808000,"{""general"":{""run_id"":""state_size"",""results_dir"":""results""},""clients"":{""count"":5,""rate_hz"":20.0,""payload_bytes"":4096000,""timeout_ms"":800},""network"":{""latency_ms"":0,""jitter_ms"":0,""loss_pct"":0.0},""migration"":{""strategy"":""postcopy"",""delay_s"":5.0,""postcopy_sync_s"":5.0,""dest_preboot"":true},""servers"":{""service_alias"":""service"",""port"":5000,""image_server"":""migration_test/server:latest"",""image_client"":""migration_test/client:latest"",""network_name"":""bench_net""}}"
state_size,postcopy,5511.354684829712,5512.934923171997,0.0,24,565,574,0,1024000000,"{""general"":{""run_id"":""state_size"",""results_dir"":""results""},""clients"":{""count"":5,""rate_hz"":20.0,""payload_bytes"":8192000,""timeout_ms"":800},""network"":{""latency_ms"":0,""jitter_ms"":0,""loss_pct"":0.0},""migration"":{""strategy"":""postcopy"",""delay_s"":5.0,""postcopy_sync_s"":5.0,""dest_preboot"":true},""servers"":{""service_alias"":""service"",""port"":5000,""image_server"":""migration_test/server:latest"",""image_client"":""migration_test/client:latest"",""network_name"":""bench_net""}}"
state_size,precopy,1593.477725982666,1243.3791160583496,350.0986099243164,17,585,590,60416000,5120000,"{""general"":{""run_id"":""state_size"",""results_dir"":""results""},""clients"":{""count"":5,""rate_hz"":20.0,""payload_bytes"":512000,""timeout_ms"":800},""network"":{""latency_ms"":0,""jitter_ms"":0,""loss_pct"":0.0},""migration"":{""strategy"":""precopy"",""delay_s"":5.0,""postcopy_sync_s"":5.0,""dest_preboot"":true},""servers"":{""service_alias"":""service"",""port"":5000,""image_server"":""migration_test/server:latest"",""image_client"":""migration_test/client:latest"",""network_name"":""bench_net""}}"
state_size,precopy,1912.1601581573486,1279.0238857269287,633.1362724304199,17,601,606,121856000,12288000,"{""general"":{""run_id"":""state_size"",""results_dir"":""results""},""clients"":{""count"":5,""rate_hz"":20.0,""payload_bytes"":1024000,""timeout_ms"":800},""network"":{""latency_ms"":0,""jitter_ms"":0,""loss_pct"":0.0},""migration"":{""strategy"":""precopy"",""delay_s"":5.0,""postcopy_sync_s"":5.0,""dest_preboot"":true},""servers"":{""service_alias"":""service"",""port"":5000,""image_server"":""migration_test/server:latest"",""image_client"":""migration_test/client:latest"",""network_name"":""bench_net""}}"
state_size,precopy,2604.9890518188477,1476.29714012146,1128.6919116973877,10,614,617,243712000,30720000,"{""general"":{""run_id"":""state_size"",""results_dir"":""results""},""clients"":{""count"":5,""rate_hz"":20.0,""payload_bytes"":2048000,""timeout_ms"":800},""network"":{""latency_ms"":0,""jitter_ms"":0,""loss_pct"":0.0},""migration"":{""strategy"":""precopy"",""delay_s"":5.0,""postcopy_sync_s"":5.0,""dest_preboot"":true},""servers"":{""service_alias"":""service"",""port"":5000,""image_server"":""migration_test/server:latest"",""image_client"":""migration_test/client:latest"",""network_name"":""bench_net""}}"
state_size,precopy,3509.528398513794,1304.8276901245117,2204.700708389282,25,653,663,487424000,98304000,"{""general"":{""run_id"":""state_size"",""results_dir"":""results""},""clients"":{""count"":5,""rate_hz"":20.0,""payload_bytes"":4096000,""timeout_ms"":800},""network"":{""latency_ms"":0,""jitter_ms"":0,""loss_pct"":0.0},""migration"":{""strategy"":""precopy"",""delay_s"":5.0,""postcopy_sync_s"":5.0,""dest_preboot"":true},""servers"":{""service_alias"":""service"",""port"":5000,""image_server"":""migration_test/server:latest"",""image_client"":""migration_test/client:latest"",""network_name"":""bench_net""}}"
state_size,precopy,6252.49457359314,2066.8506622314453,4185.643911361694,12,718,731,974848000,286720000,"{""general"":{""run_id"":""state_size"",""results_dir"":""results""},""clients"":{""count"":5,""rate_hz"":20.0,""payload_bytes"":8192000,""timeout_ms"":800},""network"":{""latency_ms"":0,""jitter_ms"":0,""loss_pct"":0.0},""migration"":{""strategy"":""precopy"",""delay_s"":5.0,""postcopy_sync_s"":5.0,""dest_preboot"":true},""servers"":{""service_alias"":""service"",""port"":5000,""image_server"":""migration_test/server:latest"",""image_client"":""migration_test/client:latest"",""network_name"":""bench_net""}}"
state_size,postcopy,1467.0631885528564,1467.081069946289,0.0,18,561,566,0,63488000,"{""general"":{""run_id"":""state_size"",""results_dir"":""results""},""clients"":{""count"":5,""rate_hz"":20.0,""payload_bytes"":512000,""timeout_ms"":800},""network"":{""latency_ms"":0,""jitter_ms"":0,""loss_pct"":0.0},""migration"":{""strategy"":""postcopy"",""delay_s"":5.0,""postcopy_sync_s"":5.0,""dest_preboot"":true},""servers"":{""service_alias"":""service"",""port"":5000,""image_server"":""migration_test/server:latest"",""image_client"":""migration_test/client:latest"",""network_name"":""bench_net""}}"
state_size,postcopy,1626.0392665863037,1633.904218673706,0.0,20,559,564,0,125952000,"{""general"":{""run_id"":""state_size"",""results_dir"":""results""},""clients"":{""count"":5,""rate_hz"":20.0,""payload_bytes"":1024000,""timeout_ms"":800},""network"":{""latency_ms"":0,""jitter_ms"":0,""loss_pct"":0.0},""migration"":{""strategy"":""postcopy"",""delay_s"":5.0,""postcopy_sync_s"":5.0,""dest_preboot"":true},""servers"":{""service_alias"":""service"",""port"":5000,""image_server"":""migration_test/server:latest"",""image_client"":""migration_test/client:latest"",""network_name"":""bench_net""}}"
state_size,postcopy,2319.2529678344727,2318.464517593384,0.7884502410888672,19,561,566,0,253952000,"{""general"":{""run_id"":""state_size"",""results_dir"":""results""},""clients"":{""count"":5,""rate_hz"":20.0,""payload_bytes"":2048000,""timeout_ms"":800},""network"":{""latency_ms"":0,""jitter_ms"":0,""loss_pct"":0.0},""migration"":{""strategy"":""postcopy"",""delay_s"":5.0,""postcopy_sync_s"":5.0,""dest_preboot"":true},""servers"":{""service_alias"":""service"",""port"":5000,""image_server"":""migration_test/server:latest"",""image_client"":""migration_test/client:latest"",""network_name"":""bench_net""}}"
state_size,postcopy,3345.8542823791504,3346.3194370269775,0.0,19,562,567,0,512000000,"{""general"":{""run_id"":""state_size"",""results_dir"":""results""},""clients"":{""count"":5,""rate_hz"":20.0,""payload_bytes"":4096000,""timeout_ms"":800},""network"":{""latency_ms"":0,""jitter_ms"":0,""loss_pct"":0.0},""migration"":{""strategy"":""postcopy"",""delay_s"":5.0,""postcopy_sync_s"":5.0,""dest_preboot"":true},""servers"":{""service_alias"":""service"",""port"":5000,""image_server"":""migration_test/server:latest"",""image_client"":""migration_test/client:latest"",""network_name"":""bench_net""}}"
state_size,postcopy,4911.769390106201,4908.782005310059,2.987384796142578,23,492,497,0,925696000,"{""general"":{""run_id"":""state_size"",""results_dir"":""results""},""clients"":{""count"":5,""rate_hz"":20.0,""payload_bytes"":8192000,""timeout_ms"":800},""network"":{""latency_ms"":0,""jitter_ms"":0,""loss_pct"":0.0},""migration"":{""strategy"":""postcopy"",""delay_s"":5.0,""postcopy_sync_s"":5.0,""dest_preboot"":true},""servers"":{""service_alias"":""service"",""port"":5000,""image_server"":""migration_test/server:latest"",""image_client"":""migration_test/client:latest"",""network_name"":""bench_net""}}"
state_size,precopy,1484.5428466796875,1183.595895767212,300.9469509124756,20,581,586,60928000,4096000,"{""general"":{""run_id"":""state_size"",""results_dir"":""results""},""clients"":{""count"":5,""rate_hz"":20.0,""payload_bytes"":512000,""timeout_ms"":800},""network"":{""latency_ms"":0,""jitter_ms"":0,""loss_pct"":0.0},""migration"":{""strategy"":""precopy"",""delay_s"":5.0,""postcopy_sync_s"":5.0,""dest_preboot"":true},""servers"":{""service_alias"":""service"",""port"":5000,""image_server"":""migration_test/server:latest"",""image_client"":""migration_test/client:latest"",""network_name"":""bench_net""}}"
state_size,precopy,1813.9657974243164,1256.6046714782715,557.3611259460449,13,598,602,121856000,12288000,"{""general"":{""run_id"":""state_size"",""results_dir"":""results""},""clients"":{""count"":5,""rate_hz"":20.0,""payload_bytes"":1024000,""timeout_ms"":800},""network"":{""latency_ms"":0,""jitter_ms"":0,""loss_pct"":0.0},""migration"":{""strategy"":""precopy"",""delay_s"":5.0,""postcopy_sync_s"":5.0,""dest_preboot"":true},""servers"":{""service_alias"":""service"",""port"":5000,""image_server"":""migration_test/server:latest"",""image_client"":""migration_test/client:latest"",""network_name"":""bench_net""}}"
state_size,precopy,2324.4643211364746,1297.6856231689453,1026.7786979675293,14,612,616,241664000,32768000,"{""general"":{""run_id"":""state_size"",""results_dir"":""results""},""clients"":{""count"":5,""rate_hz"":20.0,""payload_bytes"":2048000,""timeout_ms"":800},""network"":{""latency_ms"":0,""jitter_ms"":0,""loss_pct"":0.0},""migration"":{""strategy"":""precopy"",""delay_s"":5.0,""postcopy_sync_s"":5.0,""dest_preboot"":true},""servers"":{""service_alias"":""service"",""port"":5000,""image_server"":""migration_test/server:latest"",""image_client"":""migration_test/client:latest"",""network_name"":""bench_net""}}"
state_size,precopy,3574.571371078491,1575.3748416900635,1999.1965293884277,16,652,662,483328000,98304000,"{""general"":{""run_id"":""state_size"",""results_dir"":""results""},""clients"":{""count"":5,""rate_hz"":20.0,""payload_bytes"":4096000,""timeout_ms"":800},""network"":{""latency_ms"":0,""jitter_ms"":0,""loss_pct"":0.0},""migration"":{""strategy"":""precopy"",""delay_s"":5.0,""postcopy_sync_s"":5.0,""dest_preboot"":true},""servers"":{""service_alias"":""service"",""port"":5000,""image_server"":""migration_test/server:latest"",""image_client"":""migration_test/client:latest"",""network_name"":""bench_net""}}"
state_size,precopy,5840.838432312012,2017.6341533660889,3823.204278945923,17,673,687,917504000,294912000,"{""general"":{""run_id"":""state_size"",""results_dir"":""results""},""clients"":{""count"":5,""rate_hz"":20.0,""payload_bytes"":8192000,""timeout_ms"":800},""network"":{""latency_ms"":0,""jitter_ms"":0,""loss_pct"":0.0},""migration"":{""strategy"":""precopy"",""delay_s"":5.0,""postcopy_sync_s"":5.0,""dest_preboot"":true},""servers"":{""service_alias"":""service"",""port"":5000,""image_server"":""migration_test/server:latest"",""image_client"":""migration_test/client:latest"",""network_name"":""bench_net""}}"
state_size,postcopy,1531.7559242248535,1536.5941524505615,0.0,11,568,572,0,64000000,"{""general"":{""run_id"":""state_size"",""results_dir"":""results""},""clients"":{""count"":5,""rate_hz"":20.0,""payload_bytes"":512000,""timeout_ms"":800},""network"":{""latency_ms"":0,""jitter_ms"":0,""loss_pct"":0.0},""migration"":{""strategy"":""postcopy"",""delay_s"":5.0,""postcopy_sync_s"":5.0,""dest_preboot"":true},""servers"":{""service_alias"":""service"",""port"":5000,""image_server"":""migration_test/server:latest"",""image_client"":""migration_test/client:latest"",""network_name"":""bench_net""}}"
state_size,postcopy,1643.6278820037842,1642.2193050384521,1.4085769653320312,19,562,567,0,125952000,"{""general"":{""run_id"":""state_size"",""results_dir"":""results""},""clients"":{""count"":5,""rate_hz"":20.0,""payload_bytes"":1024000,""timeout_ms"":800},""network"":{""latency_ms"":0,""jitter_ms"":0,""loss_pct"":0.0},""migration"":{""strategy"":""postcopy"",""delay_s"":5.0,""postcopy_sync_s"":5.0,""dest_preboot"":true},""servers"":{""service_alias"":""service"",""port"":5000,""image_server"":""migration_test/server:latest"",""image_client"":""migration_test/client:latest"",""network_name"":""bench_net""}}"
state_size,postcopy,2172.214984893799,2204.4496536254883,0.0,20,558,563,0,253952000,"{""general"":{""run_id"":""state_size"",""results_dir"":""results""},""clients"":{""count"":5,""rate_hz"":20.0,""payload_bytes"":2048000,""timeout_ms"":800},""network"":{""latency_ms"":0,""jitter_ms"":0,""loss_pct"":0.0},""migration"":{""strategy"":""postcopy"",""delay_s"":5.0,""postcopy_sync_s"":5.0,""dest_preboot"":true},""servers"":{""service_alias"":""service"",""port"":5000,""image_server"":""migration_test/server:latest"",""image_client"":""migration_test/client:latest"",""network_name"":""bench_net""}}"
state_size,postcopy,3351.7191410064697,3356.3449382781982,0.0,16,566,571,0,512000000,"{""general"":{""run_id"":""state_size"",""results_dir"":""results""},""clients"":{""count"":5,""rate_hz"":20.0,""payload_bytes"":4096000,""timeout_ms"":800},""network"":{""latency_ms"":0,""jitter_ms"":0,""loss_pct"":0.0},""migration"":{""strategy"":""postcopy"",""delay_s"":5.0,""postcopy_sync_s"":5.0,""dest_preboot"":true},""servers"":{""service_alias"":""service"",""port"":5000,""image_server"":""migration_test/server:latest"",""image_client"":""migration_test/client:latest"",""network_name"":""bench_net""}}"
state_size,postcopy,4965.228319168091,4963.327884674072,1.9004344940185547,19,523,528,0,950272000,"{""general"":{""run_id"":""state_size"",""results_dir"":""results""},""clients"":{""count"":5,""rate_hz"":20.0,""payload_bytes"":8192000,""timeout_ms"":800},""network"":{""latency_ms"":0,""jitter_ms"":0,""loss_pct"":0.0},""migration"":{""strategy"":""postcopy"",""delay_s"":5.0,""postcopy_sync_s"":5.0,""dest_preboot"":true},""servers"":{""service_alias"":""service"",""port"":5000,""image_server"":""migration_test/server:latest"",""image_client"":""migration_test/client:latest"",""network_name"":""bench_net""}}"
